insert into CategoriaVehiculo  (descripcion) VALUES  ('1 Auto');
insert into CategoriaVehiculo  (descripcion) VALUES  ('2 4X4');
insert into CategoriaVehiculo  (descripcion) VALUES  ('3 Moto');
insert into CategoriaVehiculo  (descripcion) VALUES  ('4 Bicicleta');
 
insert into ColorVehiculo  (descripcion) VALUES  ('1 Blanco');
insert into ColorVehiculo  (descripcion) VALUES  ('2 Beige');
insert into ColorVehiculo  (descripcion) VALUES  ('3 Negro');
insert into ColorVehiculo  (descripcion) VALUES  ('4 Gris');
insert into ColorVehiculo  (descripcion) VALUES  ('5 Azul');
insert into ColorVehiculo  (descripcion) VALUES  ('6 Celeste');
insert into ColorVehiculo  (descripcion) VALUES  ('7 Verde');
insert into ColorVehiculo  (descripcion) VALUES  ('8 Rojo');
insert into ColorVehiculo  (descripcion) VALUES  ('9 Bordeaux');
insert into ColorVehiculo  (descripcion) VALUES  ('0 Otro');
insert into ColorVehiculo  (descripcion) VALUES  ('0 Otro');
insert into ModeloVehiculo  (descripcion) VALUES  ('1 Ford');
insert into ModeloVehiculo  (descripcion) VALUES  ('1 Ford Ka');
insert into ModeloVehiculo  (descripcion) VALUES  ('1 Ford Fiesta');
insert into ModeloVehiculo  (descripcion) VALUES  ('1 Ford Focus');
insert into ModeloVehiculo  (descripcion) VALUES  ('1 Ford EcoSport');
insert into ModeloVehiculo  (descripcion) VALUES  ('1 Ford Ranger');
insert into ModeloVehiculo  (descripcion) VALUES  ('1 Ford Mondeo');
insert into ModeloVehiculo  (descripcion) VALUES  ('1 Ford Mustang');
insert into ModeloVehiculo  (descripcion) VALUES  ('2 Fiat');
insert into ModeloVehiculo  (descripcion) VALUES  ('2 Fiat 500');
insert into ModeloVehiculo  (descripcion) VALUES  ('2 Fiat Punto');
insert into ModeloVehiculo  (descripcion) VALUES  ('2 Fiat Palio');
insert into ModeloVehiculo  (descripcion) VALUES  ('2 Fiat Siena');
insert into ModeloVehiculo  (descripcion) VALUES  ('2 Fiat Bravo');
insert into ModeloVehiculo  (descripcion) VALUES  ('2 Fiat Uno');
insert into ModeloVehiculo  (descripcion) VALUES  ('2 Fiat Palio Weekend');
insert into ModeloVehiculo  (descripcion) VALUES  ('2 Fiat Strada');
insert into ModeloVehiculo  (descripcion) VALUES  ('2 Fiat Idea');
insert into ModeloVehiculo  (descripcion) VALUES  ('2 Fiat Stylo');
insert into ModeloVehiculo  (descripcion) VALUES  ('2 Fiat Linea');
insert into ModeloVehiculo  (descripcion) VALUES  ('2 Fiat Grand Siena');
insert into ModeloVehiculo  (descripcion) VALUES  ('2 Fiat Qubo');
insert into ModeloVehiculo  (descripcion) VALUES  ('2 Fiat Doblo');
insert into ModeloVehiculo  (descripcion) VALUES  ('2 Fiat Fiorino');
insert into ModeloVehiculo  (descripcion) VALUES  ('3 Peugeot');
insert into ModeloVehiculo  (descripcion) VALUES  ('3 Peugeot 205');
insert into ModeloVehiculo  (descripcion) VALUES  ('3 Peugeot 206');
insert into ModeloVehiculo  (descripcion) VALUES  ('3 Peugeot 207');
insert into ModeloVehiculo  (descripcion) VALUES  ('3 Peugeot 208');
insert into ModeloVehiculo  (descripcion) VALUES  ('3 Peugeot 306');
insert into ModeloVehiculo  (descripcion) VALUES  ('3 Peugeot 307');
insert into ModeloVehiculo  (descripcion) VALUES  ('3 Peugeot 308');
insert into ModeloVehiculo  (descripcion) VALUES  ('3 Peugeot 3008');
insert into ModeloVehiculo  (descripcion) VALUES  ('3 Peugeot RCZ');
insert into ModeloVehiculo  (descripcion) VALUES  ('3 Peugeot 405');
insert into ModeloVehiculo  (descripcion) VALUES  ('3 Peugeot 406');
insert into ModeloVehiculo  (descripcion) VALUES  ('3 Peugeot 407');
insert into ModeloVehiculo  (descripcion) VALUES  ('3 Peugeot 408');
insert into ModeloVehiculo  (descripcion) VALUES  ('3 Peugeot 508');
insert into ModeloVehiculo  (descripcion) VALUES  ('3 Peugeot 605');
insert into ModeloVehiculo  (descripcion) VALUES  ('3 Peugeot Partner');
insert into ModeloVehiculo  (descripcion) VALUES  ('3 Peugeot Expert');
insert into ModeloVehiculo  (descripcion) VALUES  ('3 Peugeot Boxer');
insert into ModeloVehiculo  (descripcion) VALUES  ('3 Peugeot Hoggar');
insert into ModeloVehiculo  (descripcion) VALUES  ('4 Renault');
insert into ModeloVehiculo  (descripcion) VALUES  ('4 Renault Sandero');
insert into ModeloVehiculo  (descripcion) VALUES  ('4 Renault Clio');
insert into ModeloVehiculo  (descripcion) VALUES  ('4 Renault Laguna');
insert into ModeloVehiculo  (descripcion) VALUES  ('4 Renault Latitude');
insert into ModeloVehiculo  (descripcion) VALUES  ('4 Renault Fluence');
insert into ModeloVehiculo  (descripcion) VALUES  ('4 Renault Megane');
insert into ModeloVehiculo  (descripcion) VALUES  ('4 Renault Kangoo');
insert into ModeloVehiculo  (descripcion) VALUES  ('4 Renault Traffic');
insert into ModeloVehiculo  (descripcion) VALUES  ('4 Renault Logan');
insert into ModeloVehiculo  (descripcion) VALUES  ('4 Renault Symbol');
insert into ModeloVehiculo  (descripcion) VALUES  ('4 Renault Twingo');
insert into ModeloVehiculo  (descripcion) VALUES  ('4 Renault Duster');
insert into ModeloVehiculo  (descripcion) VALUES  ('4 Renault Scenic');
insert into ModeloVehiculo  (descripcion) VALUES  ('5 Honda');
insert into ModeloVehiculo  (descripcion) VALUES  ('5 Honda Civic');
insert into ModeloVehiculo  (descripcion) VALUES  ('5 Honda City');
insert into ModeloVehiculo  (descripcion) VALUES  ('5 Honda Fit');
insert into ModeloVehiculo  (descripcion) VALUES  ('5 Honda CRV');
insert into ModeloVehiculo  (descripcion) VALUES  ('5 Honda HRV');
insert into ModeloVehiculo  (descripcion) VALUES  ('5 Honda Accord');
insert into ModeloVehiculo  (descripcion) VALUES  ('6 Chevrolet');
insert into ModeloVehiculo  (descripcion) VALUES  ('6 Chevrolet Corsa');
insert into ModeloVehiculo  (descripcion) VALUES  ('6 Chevrolet Aveo');
insert into ModeloVehiculo  (descripcion) VALUES  ('6 Chevrolet Cruze');
insert into ModeloVehiculo  (descripcion) VALUES  ('6 Chevrolet S10');
insert into ModeloVehiculo  (descripcion) VALUES  ('6 Chevrolet Sonic');
insert into ModeloVehiculo  (descripcion) VALUES  ('6 Chevrolet Onyx');
insert into ModeloVehiculo  (descripcion) VALUES  ('6 Chevrolet Prisma');
insert into ModeloVehiculo  (descripcion) VALUES  ('6 Chevrolet Cobalt');
insert into ModeloVehiculo  (descripcion) VALUES  ('6 Chevrolet Captiva');
insert into ModeloVehiculo  (descripcion) VALUES  ('6 Chevrolet Tracker');
insert into ModeloVehiculo  (descripcion) VALUES  ('6 Chevrolet Blazer');
insert into ModeloVehiculo  (descripcion) VALUES  ('6 Chevrolet Avalanche');
insert into ModeloVehiculo  (descripcion) VALUES  ('6 Chevrolet Silverado');
insert into ModeloVehiculo  (descripcion) VALUES  ('6 Chevrolet Zafira');
insert into ModeloVehiculo  (descripcion) VALUES  ('6 Chevrolet Meriva');
insert into ModeloVehiculo  (descripcion) VALUES  ('6 Chevrolet Celta');
insert into ModeloVehiculo  (descripcion) VALUES  ('6 Chevrolet Astra');
insert into ModeloVehiculo  (descripcion) VALUES  ('7 Toyota');
insert into ModeloVehiculo  (descripcion) VALUES  ('7 Toyota Corolla');
insert into ModeloVehiculo  (descripcion) VALUES  ('7 Toyota Ethios');
insert into ModeloVehiculo  (descripcion) VALUES  ('7 Toyota Hilux');
insert into ModeloVehiculo  (descripcion) VALUES  ('7 Toyota SW4');
insert into ModeloVehiculo  (descripcion) VALUES  ('7 Toyota Prado');
insert into ModeloVehiculo  (descripcion) VALUES  ('7 Toyota Camry');
insert into ModeloVehiculo  (descripcion) VALUES  ('8 VW');
insert into ModeloVehiculo  (descripcion) VALUES  ('8 VW Golf');
insert into ModeloVehiculo  (descripcion) VALUES  ('8 VW Scirrocco');
insert into ModeloVehiculo  (descripcion) VALUES  ('8 VW Suran');
insert into ModeloVehiculo  (descripcion) VALUES  ('8 VW Voyage');
insert into ModeloVehiculo  (descripcion) VALUES  ('8 VW Gol');
insert into ModeloVehiculo  (descripcion) VALUES  ('8 VW Fox');
insert into ModeloVehiculo  (descripcion) VALUES  ('8 VW Amarok');
insert into ModeloVehiculo  (descripcion) VALUES  ('8 VW Vento');
insert into ModeloVehiculo  (descripcion) VALUES  ('8 VW Bora');
insert into ModeloVehiculo  (descripcion) VALUES  ('8 VW Saveiro');
insert into ModeloVehiculo  (descripcion) VALUES  ('8 VW Passat');
insert into ModeloVehiculo  (descripcion) VALUES  ('8 VW New Beetle');
insert into ModeloVehiculo  (descripcion) VALUES  ('9 Citroen');
insert into ModeloVehiculo  (descripcion) VALUES  ('9 Citroen C3');
insert into ModeloVehiculo  (descripcion) VALUES  ('9 Citroen C4');
insert into ModeloVehiculo  (descripcion) VALUES  ('9 Citroen C5');
insert into ModeloVehiculo  (descripcion) VALUES  ('9 Citroen C6');
insert into ModeloVehiculo  (descripcion) VALUES  ('9 Citroen DS3');
insert into ModeloVehiculo  (descripcion) VALUES  ('9 Citroen DS4');
insert into ModeloVehiculo  (descripcion) VALUES  ('9 Citroen Berlingo');
insert into ModeloVehiculo  (descripcion) VALUES  ('9 Citroen Picasso');
insert into ModeloVehiculo  (descripcion) VALUES  ('9 Citroen Saxo');
insert into ModeloVehiculo  (descripcion) VALUES  ('0 Otro');

 
 
INSERT INTO Usuario (userName, password, permisos, nombre, apellido, tipoDocumento, numeroDocumento)  VALUES ('admin', 'admin', 0, 'Gonzalo', 'Perez', 'DNI', 30565259);
INSERT INTO Usuario (userName, password, permisos, nombre, apellido, tipoDocumento, numeroDocumento)  VALUES ('operador', 'operador', 1, 'Omar', 'Guida', 'DNI', 28652478);
 
INSERT INTO Descuento (descripcion, descuento, estado) VALUES ('0 No Aplica', 0, 1);
INSERT INTO Descuento (descripcion, descuento, estado) VALUES ('1 U.B.A. 35% Por Hs.', 35, 1);
INSERT INTO Descuento (descripcion, descuento, estado) VALUES ('2 U.B.A. 25% Por E.', 25, 1);
INSERT INTO Descuento (descripcion, descuento, estado) VALUES ('3 10%', 10, 1);
INSERT INTO Descuento (descripcion, descuento, estado) VALUES ('4 Hotel Ancon 20%', 20, 1);
 
 
insert into TasaInteres (monto, estado, deadLine) VALUES (3, 1, 15);
 
--Auto 
INSERT into Tarifa 
(costoMinimo,costoFraccion,costoHora,costoMediaEstadia, costoEstadia,
tiempoMinimo,tiempoFraccion,tiempoMediaEstadia_minuto,tiempoEstadia_minuto,Categoria) VALUES 
(39,3.25,39,120.25,159.25,
60,5,185,780,1);

--4x4
INSERT into Tarifa 
(costoMinimo,costoFraccion,costoHora,costoMediaEstadia, costoEstadia,
tiempoMinimo,tiempoFraccion,tiempoMediaEstadia_minuto,tiempoEstadia_minuto,Categoria) VALUES 
(54,4.50,54,166.50,220.50,
60,5,185,780,2);

--Moto
INSERT into Tarifa 
(costoMinimo,costoFraccion,costoHora,costoMediaEstadia, costoEstadia,
tiempoMinimo,tiempoFraccion,tiempoMediaEstadia_minuto,tiempoEstadia_minuto,Categoria) VALUES 
(11.70,0.98,11.70,36.20,47.26,
60,5,185,780,3);

--Bici
INSERT into Tarifa 
(costoMinimo,costoFraccion,costoHora,costoMediaEstadia, costoEstadia,
tiempoMinimo,tiempoFraccion,tiempoMediaEstadia_minuto,tiempoEstadia_minuto,Categoria) VALUES 
(3.90,0.33,3.90,12.15, 16.11,
60,5,185,780,4);
 
 
SET IDENTITY_INSERT CuentaCorriente ON
 
 
INSERT INTO CuentaCorriente (idCuentaCorriente) values (1);
INSERT INTO CuentaCorriente (idCuentaCorriente) values (2);
INSERT INTO CuentaCorriente (idCuentaCorriente) values (3);
INSERT INTO CuentaCorriente (idCuentaCorriente) values (4);
INSERT INTO CuentaCorriente (idCuentaCorriente) values (5);
INSERT INTO CuentaCorriente (idCuentaCorriente) values (6);
INSERT INTO CuentaCorriente (idCuentaCorriente) values (7);
INSERT INTO CuentaCorriente (idCuentaCorriente) values (8);
INSERT INTO CuentaCorriente (idCuentaCorriente) values (9);
INSERT INTO CuentaCorriente (idCuentaCorriente) values (10);
INSERT INTO CuentaCorriente (idCuentaCorriente) values (11);
INSERT INTO CuentaCorriente (idCuentaCorriente) values (12);
INSERT INTO CuentaCorriente (idCuentaCorriente) values (13);
INSERT INTO CuentaCorriente (idCuentaCorriente) values (14);
INSERT INTO CuentaCorriente (idCuentaCorriente) values (15);
INSERT INTO CuentaCorriente (idCuentaCorriente) values (16);
INSERT INTO CuentaCorriente (idCuentaCorriente) values (17);
INSERT INTO CuentaCorriente (idCuentaCorriente) values (18);
INSERT INTO CuentaCorriente (idCuentaCorriente) values (19);
INSERT INTO CuentaCorriente (idCuentaCorriente) values (20);
INSERT INTO CuentaCorriente (idCuentaCorriente) values (21);
INSERT INTO CuentaCorriente (idCuentaCorriente) values (22);
INSERT INTO CuentaCorriente (idCuentaCorriente) values (23);
INSERT INTO CuentaCorriente (idCuentaCorriente) values (24);
INSERT INTO CuentaCorriente (idCuentaCorriente) values (25);
INSERT INTO CuentaCorriente (idCuentaCorriente) values (26);
INSERT INTO CuentaCorriente (idCuentaCorriente) values (27);
INSERT INTO CuentaCorriente (idCuentaCorriente) values (28);
INSERT INTO CuentaCorriente (idCuentaCorriente) values (29);
INSERT INTO CuentaCorriente (idCuentaCorriente) values (30);
INSERT INTO CuentaCorriente (idCuentaCorriente) values (31);
INSERT INTO CuentaCorriente (idCuentaCorriente) values (32);
INSERT INTO CuentaCorriente (idCuentaCorriente) values (33);
INSERT INTO CuentaCorriente (idCuentaCorriente) values (34);
INSERT INTO CuentaCorriente (idCuentaCorriente) values (35);
INSERT INTO CuentaCorriente (idCuentaCorriente) values (36);
INSERT INTO CuentaCorriente (idCuentaCorriente) values (37);
INSERT INTO CuentaCorriente (idCuentaCorriente) values (38);
INSERT INTO CuentaCorriente (idCuentaCorriente) values (39);
INSERT INTO CuentaCorriente (idCuentaCorriente) values (40);
INSERT INTO CuentaCorriente (idCuentaCorriente) values (41);
INSERT INTO CuentaCorriente (idCuentaCorriente) values (42);
INSERT INTO CuentaCorriente (idCuentaCorriente) values (43);
INSERT INTO CuentaCorriente (idCuentaCorriente) values (44);
INSERT INTO CuentaCorriente (idCuentaCorriente) values (45);
INSERT INTO CuentaCorriente (idCuentaCorriente) values (46);
INSERT INTO CuentaCorriente (idCuentaCorriente) values (47);
INSERT INTO CuentaCorriente (idCuentaCorriente) values (48);
INSERT INTO CuentaCorriente (idCuentaCorriente) values (49);
INSERT INTO CuentaCorriente (idCuentaCorriente) values (50);
INSERT INTO CuentaCorriente (idCuentaCorriente) values (51);
INSERT INTO CuentaCorriente (idCuentaCorriente) values (52);
INSERT INTO CuentaCorriente (idCuentaCorriente) values (53);
INSERT INTO CuentaCorriente (idCuentaCorriente) values (54);
INSERT INTO CuentaCorriente (idCuentaCorriente) values (55);
INSERT INTO CuentaCorriente (idCuentaCorriente) values (56);
INSERT INTO CuentaCorriente (idCuentaCorriente) values (57);
INSERT INTO CuentaCorriente (idCuentaCorriente) values (58);
INSERT INTO CuentaCorriente (idCuentaCorriente) values (59);
INSERT INTO CuentaCorriente (idCuentaCorriente) values (60);
INSERT INTO CuentaCorriente (idCuentaCorriente) values (61);
INSERT INTO CuentaCorriente (idCuentaCorriente) values (62);
INSERT INTO CuentaCorriente (idCuentaCorriente) values (63);
INSERT INTO CuentaCorriente (idCuentaCorriente) values (64);
INSERT INTO CuentaCorriente (idCuentaCorriente) values (65);
INSERT INTO CuentaCorriente (idCuentaCorriente) values (66);
INSERT INTO CuentaCorriente (idCuentaCorriente) values (67);
INSERT INTO CuentaCorriente (idCuentaCorriente) values (68);
INSERT INTO CuentaCorriente (idCuentaCorriente) values (69);
INSERT INTO CuentaCorriente (idCuentaCorriente) values (70);
INSERT INTO CuentaCorriente (idCuentaCorriente) values (71);
INSERT INTO CuentaCorriente (idCuentaCorriente) values (72);
INSERT INTO CuentaCorriente (idCuentaCorriente) values (73);
INSERT INTO CuentaCorriente (idCuentaCorriente) values (74);
INSERT INTO CuentaCorriente (idCuentaCorriente) values (75);
INSERT INTO CuentaCorriente (idCuentaCorriente) values (76);
INSERT INTO CuentaCorriente (idCuentaCorriente) values (77);
INSERT INTO CuentaCorriente (idCuentaCorriente) values (78);
INSERT INTO CuentaCorriente (idCuentaCorriente) values (79);
INSERT INTO CuentaCorriente (idCuentaCorriente) values (80);
INSERT INTO CuentaCorriente (idCuentaCorriente) values (81);
INSERT INTO CuentaCorriente (idCuentaCorriente) values (82);
INSERT INTO CuentaCorriente (idCuentaCorriente) values (83);
INSERT INTO CuentaCorriente (idCuentaCorriente) values (84);
INSERT INTO CuentaCorriente (idCuentaCorriente) values (85);
INSERT INTO CuentaCorriente (idCuentaCorriente) values (86);
INSERT INTO CuentaCorriente (idCuentaCorriente) values (87);
INSERT INTO CuentaCorriente (idCuentaCorriente) values (88);
INSERT INTO CuentaCorriente (idCuentaCorriente) values (89);
INSERT INTO CuentaCorriente (idCuentaCorriente) values (90);
INSERT INTO CuentaCorriente (idCuentaCorriente) values (91);
INSERT INTO CuentaCorriente (idCuentaCorriente) values (92);
INSERT INTO CuentaCorriente (idCuentaCorriente) values (93);
INSERT INTO CuentaCorriente (idCuentaCorriente) values (94);
INSERT INTO CuentaCorriente (idCuentaCorriente) values (95);
INSERT INTO CuentaCorriente (idCuentaCorriente) values (96);
INSERT INTO CuentaCorriente (idCuentaCorriente) values (97);
INSERT INTO CuentaCorriente (idCuentaCorriente) values (98);
INSERT INTO CuentaCorriente (idCuentaCorriente) values (99);
INSERT INTO CuentaCorriente (idCuentaCorriente) values (100);




 
SET IDENTITY_INSERT CuentaCorriente OFF
 INSERT INTO Cliente (apellido, correoElectronico,cuil,descripcion,direccion,estado,nombre,numeroDocumento,telefono1,tipoCliente,tipoDocumento, CuentaCorriente, tipoFactura)
VALUES ('Silva', 'nano@gmail.com','22285642896','Description','Alba 123',1,'Mario','28564289','42545569',0,1,1,0);
INSERT INTO Cliente (apellido, correoElectronico,cuil,descripcion,direccion,estado,nombre,numeroDocumento,telefono1,tipoCliente,tipoDocumento, CuentaCorriente, tipoFactura)
VALUES ('Garcia', 'charly@me.com','23186583252','Description','Cordoba 532 3H',1,'Charly','18658325','42646666',0,1,2,1);
INSERT INTO Cliente (apellido, correoElectronico,cuil,descripcion,direccion,estado,nombre,numeroDocumento,telefono1,tipoCliente,tipoDocumento, CuentaCorriente, tipoFactura)
VALUES ('Fernandez', 'omar@yahoo.com','20156879526','Description','Amoedo 7895 PB1',1,'Omar','15687952','116049633',1,1,3,2);
INSERT INTO Cliente (apellido, correoElectronico,cuil,descripcion,direccion,estado,nombre,numeroDocumento,telefono1,tipoCliente,tipoDocumento, CuentaCorriente, tipoFactura)
VALUES ('Perez', 'martin@me.com','23336678902','Description','Lima 1200',1,'Pablo','33667890','116987820',1,1,4,3);
INSERT INTO Cliente (apellido, correoElectronico,cuil,descripcion,direccion,estado,nombre,numeroDocumento,telefono1,tipoCliente,tipoDocumento, CuentaCorriente, tipoFactura)
VALUES ('Gomez', 'santiago@outlook.com','23346660009','Description','Gral Hornos 1200',1,'Santiago','34666000','115782354',3,1,5,0);
INSERT INTO Cliente (apellido, correoElectronico,cuil,descripcion,direccion,estado,nombre,numeroDocumento,telefono1,tipoCliente,tipoDocumento, CuentaCorriente, tipoFactura)
VALUES ('Tevez', 'carlitos@outlook.com','23233440229','Description','Alvear 623',1,'Carlos','23344022','115782354',4,1,6,1);
INSERT INTO Cliente (apellido, correoElectronico,cuil,descripcion,direccion,estado,nombre,numeroDocumento,telefono1,tipoCliente,tipoDocumento, CuentaCorriente, tipoFactura)
VALUES ('Silva', 'nano@gmail.com','22285642896','Description','Alba 123',1,'Mario','28564289','42545569',0,1,7,0);
INSERT INTO Cliente (apellido, correoElectronico,cuil,descripcion,direccion,estado,nombre,numeroDocumento,telefono1,tipoCliente,tipoDocumento, CuentaCorriente, tipoFactura)
VALUES ('Garcia', 'charly@me.com','23186583252','Description','Cordoba 532 3H',1,'Charly','18658325','42646666',0,1,8,1);
INSERT INTO Cliente (apellido, correoElectronico,cuil,descripcion,direccion,estado,nombre,numeroDocumento,telefono1,tipoCliente,tipoDocumento, CuentaCorriente, tipoFactura)
VALUES ('Fernandez', 'omar@yahoo.com','20156879526','Description','Amoedo 7895 PB1',1,'Omar','15687952','116049633',1,1,9,2);
INSERT INTO Cliente (apellido, correoElectronico,cuil,descripcion,direccion,estado,nombre,numeroDocumento,telefono1,tipoCliente,tipoDocumento, CuentaCorriente, tipoFactura)
VALUES ('Perez', 'martin@me.com','23336678902','Description','Lima 1200',1,'Pablo','33667890','116987820',1,1,10,3);
INSERT INTO Cliente (apellido, correoElectronico,cuil,descripcion,direccion,estado,nombre,numeroDocumento,telefono1,tipoCliente,tipoDocumento, CuentaCorriente, tipoFactura)
VALUES ('Gomez', 'santiago@outlook.com','23346660009','Description','Gral Hornos 1200',1,'Santiago','34666000','115782354',3,1,11,0);
INSERT INTO Cliente (apellido, correoElectronico,cuil,descripcion,direccion,estado,nombre,numeroDocumento,telefono1,tipoCliente,tipoDocumento, CuentaCorriente, tipoFactura)
VALUES ('Tevez', 'carlitos@outlook.com','23233440229','Description','Alvear 623',1,'Carlos','23344022','115782354',4,1,12,1);
INSERT INTO Cliente (apellido, correoElectronico,cuil,descripcion,direccion,estado,nombre,numeroDocumento,telefono1,tipoCliente,tipoDocumento, CuentaCorriente, tipoFactura)
VALUES ('Silva', 'nano@gmail.com','22285642896','Description','Alba 123',1,'Mario','28564289','42545569',0,1,13,0);
INSERT INTO Cliente (apellido, correoElectronico,cuil,descripcion,direccion,estado,nombre,numeroDocumento,telefono1,tipoCliente,tipoDocumento, CuentaCorriente, tipoFactura)
VALUES ('Garcia', 'charly@me.com','23186583252','Description','Cordoba 532 3H',1,'Charly','18658325','42646666',0,1,14,1);
INSERT INTO Cliente (apellido, correoElectronico,cuil,descripcion,direccion,estado,nombre,numeroDocumento,telefono1,tipoCliente,tipoDocumento, CuentaCorriente, tipoFactura)
VALUES ('Fernandez', 'omar@yahoo.com','20156879526','Description','Amoedo 7895 PB1',1,'Omar','15687952','116049633',1,1,15,2);
INSERT INTO Cliente (apellido, correoElectronico,cuil,descripcion,direccion,estado,nombre,numeroDocumento,telefono1,tipoCliente,tipoDocumento, CuentaCorriente, tipoFactura)
VALUES ('Perez', 'martin@me.com','23336678902','Description','Lima 1200',1,'Pablo','33667890','116987820',1,1,16,3);
INSERT INTO Cliente (apellido, correoElectronico,cuil,descripcion,direccion,estado,nombre,numeroDocumento,telefono1,tipoCliente,tipoDocumento, CuentaCorriente, tipoFactura)
VALUES ('Gomez', 'santiago@outlook.com','23346660009','Description','Gral Hornos 1200',1,'Santiago','34666000','115782354',3,1,17,0);
INSERT INTO Cliente (apellido, correoElectronico,cuil,descripcion,direccion,estado,nombre,numeroDocumento,telefono1,tipoCliente,tipoDocumento, CuentaCorriente, tipoFactura)
VALUES ('Tevez', 'carlitos@outlook.com','23233440229','Description','Alvear 623',1,'Carlos','23344022','115782354',4,1,18,1);
INSERT INTO Cliente (apellido, correoElectronico,cuil,descripcion,direccion,estado,nombre,numeroDocumento,telefono1,tipoCliente,tipoDocumento, CuentaCorriente, tipoFactura)
VALUES ('Silva', 'nano@gmail.com','22285642896','Description','Alba 123',1,'Mario','28564289','42545569',0,1,19,0);
INSERT INTO Cliente (apellido, correoElectronico,cuil,descripcion,direccion,estado,nombre,numeroDocumento,telefono1,tipoCliente,tipoDocumento, CuentaCorriente, tipoFactura)
VALUES ('Garcia', 'charly@me.com','23186583252','Description','Cordoba 532 3H',1,'Charly','18658325','42646666',0,1,20,1);
INSERT INTO Cliente (apellido, correoElectronico,cuil,descripcion,direccion,estado,nombre,numeroDocumento,telefono1,tipoCliente,tipoDocumento, CuentaCorriente, tipoFactura)
VALUES ('Fernandez', 'omar@yahoo.com','20156879526','Description','Amoedo 7895 PB1',1,'Omar','15687952','116049633',1,1,21,2);
INSERT INTO Cliente (apellido, correoElectronico,cuil,descripcion,direccion,estado,nombre,numeroDocumento,telefono1,tipoCliente,tipoDocumento, CuentaCorriente, tipoFactura)
VALUES ('Perez', 'martin@me.com','23336678902','Description','Lima 1200',1,'Pablo','33667890','116987820',1,1,22,3);
INSERT INTO Cliente (apellido, correoElectronico,cuil,descripcion,direccion,estado,nombre,numeroDocumento,telefono1,tipoCliente,tipoDocumento, CuentaCorriente, tipoFactura)
VALUES ('Gomez', 'santiago@outlook.com','23346660009','Description','Gral Hornos 1200',1,'Santiago','34666000','115782354',3,1,23,0);
INSERT INTO Cliente (apellido, correoElectronico,cuil,descripcion,direccion,estado,nombre,numeroDocumento,telefono1,tipoCliente,tipoDocumento, CuentaCorriente, tipoFactura)
VALUES ('Tevez', 'carlitos@outlook.com','23233440229','Description','Alvear 623',1,'Carlos','23344022','115782354',4,1,24,1);
INSERT INTO Cliente (apellido, correoElectronico,cuil,descripcion,direccion,estado,nombre,numeroDocumento,telefono1,tipoCliente,tipoDocumento, CuentaCorriente, tipoFactura)
VALUES ('Silva', 'nano@gmail.com','22285642896','Description','Alba 123',1,'Mario','28564289','42545569',0,1,25,0);
INSERT INTO Cliente (apellido, correoElectronico,cuil,descripcion,direccion,estado,nombre,numeroDocumento,telefono1,tipoCliente,tipoDocumento, CuentaCorriente, tipoFactura)
VALUES ('Garcia', 'charly@me.com','23186583252','Description','Cordoba 532 3H',1,'Charly','18658325','42646666',0,1,26,1);
INSERT INTO Cliente (apellido, correoElectronico,cuil,descripcion,direccion,estado,nombre,numeroDocumento,telefono1,tipoCliente,tipoDocumento, CuentaCorriente, tipoFactura)
VALUES ('Fernandez', 'omar@yahoo.com','20156879526','Description','Amoedo 7895 PB1',1,'Omar','15687952','116049633',1,1,27,2);
INSERT INTO Cliente (apellido, correoElectronico,cuil,descripcion,direccion,estado,nombre,numeroDocumento,telefono1,tipoCliente,tipoDocumento, CuentaCorriente, tipoFactura)
VALUES ('Perez', 'martin@me.com','23336678902','Description','Lima 1200',1,'Pablo','33667890','116987820',1,1,28,3);
INSERT INTO Cliente (apellido, correoElectronico,cuil,descripcion,direccion,estado,nombre,numeroDocumento,telefono1,tipoCliente,tipoDocumento, CuentaCorriente, tipoFactura)
VALUES ('Gomez', 'santiago@outlook.com','23346660009','Description','Gral Hornos 1200',1,'Santiago','34666000','115782354',3,1,29,0);
INSERT INTO Cliente (apellido, correoElectronico,cuil,descripcion,direccion,estado,nombre,numeroDocumento,telefono1,tipoCliente,tipoDocumento, CuentaCorriente, tipoFactura)
VALUES ('Tevez', 'carlitos@outlook.com','23233440229','Description','Alvear 623',1,'Carlos','23344022','115782354',4,1,30,1);
INSERT INTO Cliente (apellido, correoElectronico,cuil,descripcion,direccion,estado,nombre,numeroDocumento,telefono1,tipoCliente,tipoDocumento, CuentaCorriente, tipoFactura)
VALUES ('Silva', 'nano@gmail.com','22285642896','Description','Alba 123',1,'Mario','28564289','42545569',0,1,31,0);
INSERT INTO Cliente (apellido, correoElectronico,cuil,descripcion,direccion,estado,nombre,numeroDocumento,telefono1,tipoCliente,tipoDocumento, CuentaCorriente, tipoFactura)
VALUES ('Garcia', 'charly@me.com','23186583252','Description','Cordoba 532 3H',1,'Charly','18658325','42646666',0,1,32,1);
INSERT INTO Cliente (apellido, correoElectronico,cuil,descripcion,direccion,estado,nombre,numeroDocumento,telefono1,tipoCliente,tipoDocumento, CuentaCorriente, tipoFactura)
VALUES ('Fernandez', 'omar@yahoo.com','20156879526','Description','Amoedo 7895 PB1',1,'Omar','15687952','116049633',1,1,33,2);
INSERT INTO Cliente (apellido, correoElectronico,cuil,descripcion,direccion,estado,nombre,numeroDocumento,telefono1,tipoCliente,tipoDocumento, CuentaCorriente, tipoFactura)
VALUES ('Perez', 'martin@me.com','23336678902','Description','Lima 1200',1,'Pablo','33667890','116987820',1,1,34,3);
INSERT INTO Cliente (apellido, correoElectronico,cuil,descripcion,direccion,estado,nombre,numeroDocumento,telefono1,tipoCliente,tipoDocumento, CuentaCorriente, tipoFactura)
VALUES ('Gomez', 'santiago@outlook.com','23346660009','Description','Gral Hornos 1200',1,'Santiago','34666000','115782354',3,1,35,0);
INSERT INTO Cliente (apellido, correoElectronico,cuil,descripcion,direccion,estado,nombre,numeroDocumento,telefono1,tipoCliente,tipoDocumento, CuentaCorriente, tipoFactura)
VALUES ('Tevez', 'carlitos@outlook.com','23233440229','Description','Alvear 623',1,'Carlos','23344022','115782354',4,1,36,1);
INSERT INTO Cliente (apellido, correoElectronico,cuil,descripcion,direccion,estado,nombre,numeroDocumento,telefono1,tipoCliente,tipoDocumento, CuentaCorriente, tipoFactura)
VALUES ('Silva', 'nano@gmail.com','22285642896','Description','Alba 123',1,'Mario','28564289','42545569',0,1,37,0);
INSERT INTO Cliente (apellido, correoElectronico,cuil,descripcion,direccion,estado,nombre,numeroDocumento,telefono1,tipoCliente,tipoDocumento, CuentaCorriente, tipoFactura)
VALUES ('Garcia', 'charly@me.com','23186583252','Description','Cordoba 532 3H',1,'Charly','18658325','42646666',0,1,38,1);
INSERT INTO Cliente (apellido, correoElectronico,cuil,descripcion,direccion,estado,nombre,numeroDocumento,telefono1,tipoCliente,tipoDocumento, CuentaCorriente, tipoFactura)
VALUES ('Fernandez', 'omar@yahoo.com','20156879526','Description','Amoedo 7895 PB1',1,'Omar','15687952','116049633',1,1,39,2);
INSERT INTO Cliente (apellido, correoElectronico,cuil,descripcion,direccion,estado,nombre,numeroDocumento,telefono1,tipoCliente,tipoDocumento, CuentaCorriente, tipoFactura)
VALUES ('Perez', 'martin@me.com','23336678902','Description','Lima 1200',1,'Pablo','33667890','116987820',1,1,40,3);
INSERT INTO Cliente (apellido, correoElectronico,cuil,descripcion,direccion,estado,nombre,numeroDocumento,telefono1,tipoCliente,tipoDocumento, CuentaCorriente, tipoFactura)
VALUES ('Gomez', 'santiago@outlook.com','23346660009','Description','Gral Hornos 1200',1,'Santiago','34666000','115782354',3,1,41,0);
INSERT INTO Cliente (apellido, correoElectronico,cuil,descripcion,direccion,estado,nombre,numeroDocumento,telefono1,tipoCliente,tipoDocumento, CuentaCorriente, tipoFactura)
VALUES ('Tevez', 'carlitos@outlook.com','23233440229','Description','Alvear 623',1,'Carlos','23344022','115782354',4,1,42,1);
INSERT INTO Cliente (apellido, correoElectronico,cuil,descripcion,direccion,estado,nombre,numeroDocumento,telefono1,tipoCliente,tipoDocumento, CuentaCorriente, tipoFactura)
VALUES ('Silva', 'nano@gmail.com','22285642896','Description','Alba 123',1,'Mario','28564289','42545569',0,1,43,0);
INSERT INTO Cliente (apellido, correoElectronico,cuil,descripcion,direccion,estado,nombre,numeroDocumento,telefono1,tipoCliente,tipoDocumento, CuentaCorriente, tipoFactura)
VALUES ('Garcia', 'charly@me.com','23186583252','Description','Cordoba 532 3H',1,'Charly','18658325','42646666',0,1,44,1);
INSERT INTO Cliente (apellido, correoElectronico,cuil,descripcion,direccion,estado,nombre,numeroDocumento,telefono1,tipoCliente,tipoDocumento, CuentaCorriente, tipoFactura)
VALUES ('Fernandez', 'omar@yahoo.com','20156879526','Description','Amoedo 7895 PB1',1,'Omar','15687952','116049633',1,1,45,2);
INSERT INTO Cliente (apellido, correoElectronico,cuil,descripcion,direccion,estado,nombre,numeroDocumento,telefono1,tipoCliente,tipoDocumento, CuentaCorriente, tipoFactura)
VALUES ('Perez', 'martin@me.com','23336678902','Description','Lima 1200',1,'Pablo','33667890','116987820',1,1,46,3);
INSERT INTO Cliente (apellido, correoElectronico,cuil,descripcion,direccion,estado,nombre,numeroDocumento,telefono1,tipoCliente,tipoDocumento, CuentaCorriente, tipoFactura)
VALUES ('Gomez', 'santiago@outlook.com','23346660009','Description','Gral Hornos 1200',1,'Santiago','34666000','115782354',3,1,47,0);
INSERT INTO Cliente (apellido, correoElectronico,cuil,descripcion,direccion,estado,nombre,numeroDocumento,telefono1,tipoCliente,tipoDocumento, CuentaCorriente, tipoFactura)
VALUES ('Tevez', 'carlitos@outlook.com','23233440229','Description','Alvear 623',1,'Carlos','23344022','115782354',4,1,48,1);
INSERT INTO Cliente (apellido, correoElectronico,cuil,descripcion,direccion,estado,nombre,numeroDocumento,telefono1,tipoCliente,tipoDocumento, CuentaCorriente, tipoFactura)
VALUES ('Silva', 'nano@gmail.com','22285642896','Description','Alba 123',1,'Mario','28564289','42545569',0,1,49,0);
INSERT INTO Cliente (apellido, correoElectronico,cuil,descripcion,direccion,estado,nombre,numeroDocumento,telefono1,tipoCliente,tipoDocumento, CuentaCorriente, tipoFactura)
VALUES ('Garcia', 'charly@me.com','23186583252','Description','Cordoba 532 3H',1,'Charly','18658325','42646666',0,1,50,1);
INSERT INTO Cliente (apellido, correoElectronico,cuil,descripcion,direccion,estado,nombre,numeroDocumento,telefono1,tipoCliente,tipoDocumento, CuentaCorriente, tipoFactura)
VALUES ('Fernandez', 'omar@yahoo.com','20156879526','Description','Amoedo 7895 PB1',1,'Omar','15687952','116049633',1,1,51,2);
INSERT INTO Cliente (apellido, correoElectronico,cuil,descripcion,direccion,estado,nombre,numeroDocumento,telefono1,tipoCliente,tipoDocumento, CuentaCorriente, tipoFactura)
VALUES ('Perez', 'martin@me.com','23336678902','Description','Lima 1200',1,'Pablo','33667890','116987820',1,1,52,3);
INSERT INTO Cliente (apellido, correoElectronico,cuil,descripcion,direccion,estado,nombre,numeroDocumento,telefono1,tipoCliente,tipoDocumento, CuentaCorriente, tipoFactura)
VALUES ('Gomez', 'santiago@outlook.com','23346660009','Description','Gral Hornos 1200',1,'Santiago','34666000','115782354',3,1,53,0);
INSERT INTO Cliente (apellido, correoElectronico,cuil,descripcion,direccion,estado,nombre,numeroDocumento,telefono1,tipoCliente,tipoDocumento, CuentaCorriente, tipoFactura)
VALUES ('Tevez', 'carlitos@outlook.com','23233440229','Description','Alvear 623',1,'Carlos','23344022','115782354',4,1,54,1);
INSERT INTO Cliente (apellido, correoElectronico,cuil,descripcion,direccion,estado,nombre,numeroDocumento,telefono1,tipoCliente,tipoDocumento, CuentaCorriente, tipoFactura)
VALUES ('Silva', 'nano@gmail.com','22285642896','Description','Alba 123',1,'Mario','28564289','42545569',0,1,55,0);
INSERT INTO Cliente (apellido, correoElectronico,cuil,descripcion,direccion,estado,nombre,numeroDocumento,telefono1,tipoCliente,tipoDocumento, CuentaCorriente, tipoFactura)
VALUES ('Garcia', 'charly@me.com','23186583252','Description','Cordoba 532 3H',1,'Charly','18658325','42646666',0,1,56,1);
INSERT INTO Cliente (apellido, correoElectronico,cuil,descripcion,direccion,estado,nombre,numeroDocumento,telefono1,tipoCliente,tipoDocumento, CuentaCorriente, tipoFactura)
VALUES ('Fernandez', 'omar@yahoo.com','20156879526','Description','Amoedo 7895 PB1',1,'Omar','15687952','116049633',1,1,57,2);
INSERT INTO Cliente (apellido, correoElectronico,cuil,descripcion,direccion,estado,nombre,numeroDocumento,telefono1,tipoCliente,tipoDocumento, CuentaCorriente, tipoFactura)
VALUES ('Perez', 'martin@me.com','23336678902','Description','Lima 1200',1,'Pablo','33667890','116987820',1,1,58,3);
INSERT INTO Cliente (apellido, correoElectronico,cuil,descripcion,direccion,estado,nombre,numeroDocumento,telefono1,tipoCliente,tipoDocumento, CuentaCorriente, tipoFactura)
VALUES ('Gomez', 'santiago@outlook.com','23346660009','Description','Gral Hornos 1200',1,'Santiago','34666000','115782354',3,1,59,0);
INSERT INTO Cliente (apellido, correoElectronico,cuil,descripcion,direccion,estado,nombre,numeroDocumento,telefono1,tipoCliente,tipoDocumento, CuentaCorriente, tipoFactura)
VALUES ('Tevez', 'carlitos@outlook.com','23233440229','Description','Alvear 623',1,'Carlos','23344022','115782354',4,1,60,1);
INSERT INTO Cliente (apellido, correoElectronico,cuil,descripcion,direccion,estado,nombre,numeroDocumento,telefono1,tipoCliente,tipoDocumento, CuentaCorriente, tipoFactura)
VALUES ('Silva', 'nano@gmail.com','22285642896','Description','Alba 123',1,'Mario','28564289','42545569',0,1,61,0);
INSERT INTO Cliente (apellido, correoElectronico,cuil,descripcion,direccion,estado,nombre,numeroDocumento,telefono1,tipoCliente,tipoDocumento, CuentaCorriente, tipoFactura)
VALUES ('Garcia', 'charly@me.com','23186583252','Description','Cordoba 532 3H',1,'Charly','18658325','42646666',0,1,62,1);
INSERT INTO Cliente (apellido, correoElectronico,cuil,descripcion,direccion,estado,nombre,numeroDocumento,telefono1,tipoCliente,tipoDocumento, CuentaCorriente, tipoFactura)
VALUES ('Fernandez', 'omar@yahoo.com','20156879526','Description','Amoedo 7895 PB1',1,'Omar','15687952','116049633',1,1,63,2);
INSERT INTO Cliente (apellido, correoElectronico,cuil,descripcion,direccion,estado,nombre,numeroDocumento,telefono1,tipoCliente,tipoDocumento, CuentaCorriente, tipoFactura)
VALUES ('Perez', 'martin@me.com','23336678902','Description','Lima 1200',1,'Pablo','33667890','116987820',1,1,64,3);
INSERT INTO Cliente (apellido, correoElectronico,cuil,descripcion,direccion,estado,nombre,numeroDocumento,telefono1,tipoCliente,tipoDocumento, CuentaCorriente, tipoFactura)
VALUES ('Gomez', 'santiago@outlook.com','23346660009','Description','Gral Hornos 1200',1,'Santiago','34666000','115782354',3,1,65,0);
INSERT INTO Cliente (apellido, correoElectronico,cuil,descripcion,direccion,estado,nombre,numeroDocumento,telefono1,tipoCliente,tipoDocumento, CuentaCorriente, tipoFactura)
VALUES ('Tevez', 'carlitos@outlook.com','23233440229','Description','Alvear 623',1,'Carlos','23344022','115782354',4,1,66,1);
INSERT INTO Cliente (apellido, correoElectronico,cuil,descripcion,direccion,estado,nombre,numeroDocumento,telefono1,tipoCliente,tipoDocumento, CuentaCorriente, tipoFactura)
VALUES ('Silva', 'nano@gmail.com','22285642896','Description','Alba 123',1,'Mario','28564289','42545569',0,1,67,0);
INSERT INTO Cliente (apellido, correoElectronico,cuil,descripcion,direccion,estado,nombre,numeroDocumento,telefono1,tipoCliente,tipoDocumento, CuentaCorriente, tipoFactura)
VALUES ('Garcia', 'charly@me.com','23186583252','Description','Cordoba 532 3H',1,'Charly','18658325','42646666',0,1,68,1);
INSERT INTO Cliente (apellido, correoElectronico,cuil,descripcion,direccion,estado,nombre,numeroDocumento,telefono1,tipoCliente,tipoDocumento, CuentaCorriente, tipoFactura)
VALUES ('Fernandez', 'omar@yahoo.com','20156879526','Description','Amoedo 7895 PB1',1,'Omar','15687952','116049633',1,1,69,2);
INSERT INTO Cliente (apellido, correoElectronico,cuil,descripcion,direccion,estado,nombre,numeroDocumento,telefono1,tipoCliente,tipoDocumento, CuentaCorriente, tipoFactura)
VALUES ('Perez', 'martin@me.com','23336678902','Description','Lima 1200',1,'Pablo','33667890','116987820',1,1,70,3);
INSERT INTO Cliente (apellido, correoElectronico,cuil,descripcion,direccion,estado,nombre,numeroDocumento,telefono1,tipoCliente,tipoDocumento, CuentaCorriente, tipoFactura)
VALUES ('Gomez', 'santiago@outlook.com','23346660009','Description','Gral Hornos 1200',1,'Santiago','34666000','115782354',3,1,71,0);
INSERT INTO Cliente (apellido, correoElectronico,cuil,descripcion,direccion,estado,nombre,numeroDocumento,telefono1,tipoCliente,tipoDocumento, CuentaCorriente, tipoFactura)
VALUES ('Tevez', 'carlitos@outlook.com','23233440229','Description','Alvear 623',1,'Carlos','23344022','115782354',4,1,72,1);
INSERT INTO Cliente (apellido, correoElectronico,cuil,descripcion,direccion,estado,nombre,numeroDocumento,telefono1,tipoCliente,tipoDocumento, CuentaCorriente, tipoFactura)
VALUES ('Silva', 'nano@gmail.com','22285642896','Description','Alba 123',1,'Mario','28564289','42545569',0,1,73,0);
INSERT INTO Cliente (apellido, correoElectronico,cuil,descripcion,direccion,estado,nombre,numeroDocumento,telefono1,tipoCliente,tipoDocumento, CuentaCorriente, tipoFactura)
VALUES ('Garcia', 'charly@me.com','23186583252','Description','Cordoba 532 3H',1,'Charly','18658325','42646666',0,1,74,1);
INSERT INTO Cliente (apellido, correoElectronico,cuil,descripcion,direccion,estado,nombre,numeroDocumento,telefono1,tipoCliente,tipoDocumento, CuentaCorriente, tipoFactura)
VALUES ('Fernandez', 'omar@yahoo.com','20156879526','Description','Amoedo 7895 PB1',1,'Omar','15687952','116049633',1,1,75,2);
INSERT INTO Cliente (apellido, correoElectronico,cuil,descripcion,direccion,estado,nombre,numeroDocumento,telefono1,tipoCliente,tipoDocumento, CuentaCorriente, tipoFactura)
VALUES ('Perez', 'martin@me.com','23336678902','Description','Lima 1200',1,'Pablo','33667890','116987820',1,1,76,3);
INSERT INTO Cliente (apellido, correoElectronico,cuil,descripcion,direccion,estado,nombre,numeroDocumento,telefono1,tipoCliente,tipoDocumento, CuentaCorriente, tipoFactura)
VALUES ('Gomez', 'santiago@outlook.com','23346660009','Description','Gral Hornos 1200',1,'Santiago','34666000','115782354',3,1,77,0);
INSERT INTO Cliente (apellido, correoElectronico,cuil,descripcion,direccion,estado,nombre,numeroDocumento,telefono1,tipoCliente,tipoDocumento, CuentaCorriente, tipoFactura)
VALUES ('Tevez', 'carlitos@outlook.com','23233440229','Description','Alvear 623',1,'Carlos','23344022','115782354',4,1,78,1);
INSERT INTO Cliente (apellido, correoElectronico,cuil,descripcion,direccion,estado,nombre,numeroDocumento,telefono1,tipoCliente,tipoDocumento, CuentaCorriente, tipoFactura)
VALUES ('Silva', 'nano@gmail.com','22285642896','Description','Alba 123',1,'Mario','28564289','42545569',0,1,79,0);
INSERT INTO Cliente (apellido, correoElectronico,cuil,descripcion,direccion,estado,nombre,numeroDocumento,telefono1,tipoCliente,tipoDocumento, CuentaCorriente, tipoFactura)
VALUES ('Garcia', 'charly@me.com','23186583252','Description','Cordoba 532 3H',1,'Charly','18658325','42646666',0,1,80,1);
INSERT INTO Cliente (apellido, correoElectronico,cuil,descripcion,direccion,estado,nombre,numeroDocumento,telefono1,tipoCliente,tipoDocumento, CuentaCorriente, tipoFactura)
VALUES ('Fernandez', 'omar@yahoo.com','20156879526','Description','Amoedo 7895 PB1',1,'Omar','15687952','116049633',1,1,81,2);
INSERT INTO Cliente (apellido, correoElectronico,cuil,descripcion,direccion,estado,nombre,numeroDocumento,telefono1,tipoCliente,tipoDocumento, CuentaCorriente, tipoFactura)
VALUES ('Perez', 'martin@me.com','23336678902','Description','Lima 1200',1,'Pablo','33667890','116987820',1,1,82,3);
INSERT INTO Cliente (apellido, correoElectronico,cuil,descripcion,direccion,estado,nombre,numeroDocumento,telefono1,tipoCliente,tipoDocumento, CuentaCorriente, tipoFactura)
VALUES ('Gomez', 'santiago@outlook.com','23346660009','Description','Gral Hornos 1200',1,'Santiago','34666000','115782354',3,1,83,0);
INSERT INTO Cliente (apellido, correoElectronico,cuil,descripcion,direccion,estado,nombre,numeroDocumento,telefono1,tipoCliente,tipoDocumento, CuentaCorriente, tipoFactura)
VALUES ('Tevez', 'carlitos@outlook.com','23233440229','Description','Alvear 623',1,'Carlos','23344022','115782354',4,1,84,1);
INSERT INTO Cliente (apellido, correoElectronico,cuil,descripcion,direccion,estado,nombre,numeroDocumento,telefono1,tipoCliente,tipoDocumento, CuentaCorriente, tipoFactura)
VALUES ('Silva', 'nano@gmail.com','22285642896','Description','Alba 123',1,'Mario','28564289','42545569',0,1,85,0);
INSERT INTO Cliente (apellido, correoElectronico,cuil,descripcion,direccion,estado,nombre,numeroDocumento,telefono1,tipoCliente,tipoDocumento, CuentaCorriente, tipoFactura)
VALUES ('Garcia', 'charly@me.com','23186583252','Description','Cordoba 532 3H',1,'Charly','18658325','42646666',0,1,86,1);
INSERT INTO Cliente (apellido, correoElectronico,cuil,descripcion,direccion,estado,nombre,numeroDocumento,telefono1,tipoCliente,tipoDocumento, CuentaCorriente, tipoFactura)
VALUES ('Fernandez', 'omar@yahoo.com','20156879526','Description','Amoedo 7895 PB1',1,'Omar','15687952','116049633',1,1,87,2);
INSERT INTO Cliente (apellido, correoElectronico,cuil,descripcion,direccion,estado,nombre,numeroDocumento,telefono1,tipoCliente,tipoDocumento, CuentaCorriente, tipoFactura)
VALUES ('Perez', 'martin@me.com','23336678902','Description','Lima 1200',1,'Pablo','33667890','116987820',1,1,88,3);
INSERT INTO Cliente (apellido, correoElectronico,cuil,descripcion,direccion,estado,nombre,numeroDocumento,telefono1,tipoCliente,tipoDocumento, CuentaCorriente, tipoFactura)
VALUES ('Gomez', 'santiago@outlook.com','23346660009','Description','Gral Hornos 1200',1,'Santiago','34666000','115782354',3,1,89,0);
INSERT INTO Cliente (apellido, correoElectronico,cuil,descripcion,direccion,estado,nombre,numeroDocumento,telefono1,tipoCliente,tipoDocumento, CuentaCorriente, tipoFactura)
VALUES ('Tevez', 'carlitos@outlook.com','23233440229','Description','Alvear 623',1,'Carlos','23344022','115782354',4,1,90,1);
INSERT INTO Cliente (apellido, correoElectronico,cuil,descripcion,direccion,estado,nombre,numeroDocumento,telefono1,tipoCliente,tipoDocumento, CuentaCorriente, tipoFactura)
VALUES ('Silva', 'nano@gmail.com','22285642896','Description','Alba 123',1,'Mario','28564289','42545569',0,1,91,0);
INSERT INTO Cliente (apellido, correoElectronico,cuil,descripcion,direccion,estado,nombre,numeroDocumento,telefono1,tipoCliente,tipoDocumento, CuentaCorriente, tipoFactura)
VALUES ('Garcia', 'charly@me.com','23186583252','Description','Cordoba 532 3H',1,'Charly','18658325','42646666',0,1,92,1);
INSERT INTO Cliente (apellido, correoElectronico,cuil,descripcion,direccion,estado,nombre,numeroDocumento,telefono1,tipoCliente,tipoDocumento, CuentaCorriente, tipoFactura)
VALUES ('Fernandez', 'omar@yahoo.com','20156879526','Description','Amoedo 7895 PB1',1,'Omar','15687952','116049633',1,1,93,2);
INSERT INTO Cliente (apellido, correoElectronico,cuil,descripcion,direccion,estado,nombre,numeroDocumento,telefono1,tipoCliente,tipoDocumento, CuentaCorriente, tipoFactura)
VALUES ('Perez', 'martin@me.com','23336678902','Description','Lima 1200',1,'Pablo','33667890','116987820',1,1,94,3);
INSERT INTO Cliente (apellido, correoElectronico,cuil,descripcion,direccion,estado,nombre,numeroDocumento,telefono1,tipoCliente,tipoDocumento, CuentaCorriente, tipoFactura)
VALUES ('Gomez', 'santiago@outlook.com','23346660009','Description','Gral Hornos 1200',1,'Santiago','34666000','115782354',3,1,95,0);
INSERT INTO Cliente (apellido, correoElectronico,cuil,descripcion,direccion,estado,nombre,numeroDocumento,telefono1,tipoCliente,tipoDocumento, CuentaCorriente, tipoFactura)
VALUES ('Tevez', 'carlitos@outlook.com','23233440229','Description','Alvear 623',1,'Carlos','23344022','115782354',4,1,96,1);
INSERT INTO Cliente (apellido, correoElectronico,cuil,descripcion,direccion,estado,nombre,numeroDocumento,telefono1,tipoCliente,tipoDocumento, CuentaCorriente, tipoFactura)
VALUES ('Silva', 'nano@gmail.com','22285642896','Description','Alba 123',1,'Mario','28564289','42545569',0,1,97,0);
INSERT INTO Cliente (apellido, correoElectronico,cuil,descripcion,direccion,estado,nombre,numeroDocumento,telefono1,tipoCliente,tipoDocumento, CuentaCorriente, tipoFactura)
VALUES ('Garcia', 'charly@me.com','23186583252','Description','Cordoba 532 3H',1,'Charly','18658325','42646666',0,1,98,1);
INSERT INTO Cliente (apellido, correoElectronico,cuil,descripcion,direccion,estado,nombre,numeroDocumento,telefono1,tipoCliente,tipoDocumento, CuentaCorriente, tipoFactura)
VALUES ('Fernandez', 'omar@yahoo.com','20156879526','Description','Amoedo 7895 PB1',1,'Omar','15687952','116049633',1,1,99,2);
INSERT INTO Cliente (apellido, correoElectronico,cuil,descripcion,direccion,estado,nombre,numeroDocumento,telefono1,tipoCliente,tipoDocumento, CuentaCorriente, tipoFactura)
VALUES ('Perez', 'martin@me.com','23336678902','Description','Lima 1200',1,'Pablo','33667890','116987820',1,1,100,3);
 
INSERT INTO Cochera     (costoCochera, estado, porcentajeExpensas, ubicacion, Cliente) values (200, 1, 2.5, '0A', 1)
INSERT INTO Cochera     (costoCochera, estado, porcentajeExpensas, ubicacion, Cliente) values (200, 1, 2.5, '0B', 1)
INSERT INTO Cochera     (costoCochera, estado, porcentajeExpensas, ubicacion, Cliente) values (200, 1, 2.5, '0C', 5)
INSERT INTO Cochera     (costoCochera, estado, porcentajeExpensas, ubicacion, Cliente) values (200, 1, 2.5, '0D', 5)
INSERT INTO Cochera     (costoCochera, estado, porcentajeExpensas, ubicacion, Cliente) values (200, 1, 2.5, '0E', 5)
INSERT INTO Cochera     (costoCochera, estado, porcentajeExpensas, ubicacion, Cliente) values (200, 1, 2.5, '0F', 5)
INSERT INTO Cochera     (costoCochera, estado, porcentajeExpensas, ubicacion, Cliente) values (200, 1, 2.5, '0G', 5)
INSERT INTO Cochera     (costoCochera, estado, porcentajeExpensas, ubicacion, Cliente) values (200, 1, 2.5, '0H', 5)
INSERT INTO Cochera     (costoCochera, estado, porcentajeExpensas, ubicacion, Cliente) values (300, 1, 2.5, '1A', 2)
INSERT INTO Cochera     (costoCochera, estado, porcentajeExpensas, ubicacion, Cliente) values (300, 1, 2.5, '1B', 2)
INSERT INTO Cochera     (costoCochera, estado, porcentajeExpensas, ubicacion, Cliente) values (300, 1, 2.5, '1C', 2)
INSERT INTO Cochera     (costoCochera, estado, porcentajeExpensas, ubicacion, Cliente) values (300, 1, 2.5, '1D', 2)
INSERT INTO Cochera     (costoCochera, estado, porcentajeExpensas, ubicacion, Cliente) values (300, 1, 2.5, '1E', 2)
INSERT INTO Cochera     (costoCochera, estado, porcentajeExpensas, ubicacion, Cliente) values (300, 1, 2.5, '1F', 2)
INSERT INTO Cochera     (costoCochera, estado, porcentajeExpensas, ubicacion, Cliente) values (300, 1, 2.5, '1G', 2)
INSERT INTO Cochera     (costoCochera, estado, porcentajeExpensas, ubicacion, Cliente) values (300, 1, 2.5, '1H', 2)
INSERT INTO Cochera     (costoCochera, estado, porcentajeExpensas, ubicacion, Cliente) values (400, 1, 2.5, '2A', 3)
INSERT INTO Cochera     (costoCochera, estado, porcentajeExpensas, ubicacion, Cliente) values (400, 1, 2.5, '2B', 3)
INSERT INTO Cochera     (costoCochera, estado, porcentajeExpensas, ubicacion, Cliente) values (400, 1, 2.5, '2C', 3)
INSERT INTO Cochera     (costoCochera, estado, porcentajeExpensas, ubicacion, Cliente) values (400, 1, 2.5, '2D', 3)
INSERT INTO Cochera     (costoCochera, estado, porcentajeExpensas, ubicacion, Cliente) values (400, 1, 2.5, '2E', 3)
INSERT INTO Cochera     (costoCochera, estado, porcentajeExpensas, ubicacion, Cliente) values (400, 1, 2.5, '2F', 3)
INSERT INTO Cochera     (costoCochera, estado, porcentajeExpensas, ubicacion, Cliente) values (400, 1, 2.5, '2G', 3)
INSERT INTO Cochera     (costoCochera, estado, porcentajeExpensas, ubicacion, Cliente) values (400, 1, 2.5, '2H', 3)
INSERT INTO Cochera     (costoCochera, estado, porcentajeExpensas, ubicacion, Cliente) values (500, 1, 2.5, '3A', 4)
INSERT INTO Cochera     (costoCochera, estado, porcentajeExpensas, ubicacion, Cliente) values (500, 1, 2.5, '3B', 4)
INSERT INTO Cochera     (costoCochera, estado, porcentajeExpensas, ubicacion, Cliente) values (500, 1, 2.5, '3C', 4)
INSERT INTO Cochera     (costoCochera, estado, porcentajeExpensas, ubicacion, Cliente) values (500, 1, 2.5, '3D', 4)
INSERT INTO Cochera     (costoCochera, estado, porcentajeExpensas, ubicacion, Cliente) values (500, 1, 2.5, '3E', 4)
INSERT INTO Cochera     (costoCochera, estado, porcentajeExpensas, ubicacion, Cliente) values (500, 1, 2.5, '3F', 4)
INSERT INTO Cochera     (costoCochera, estado, porcentajeExpensas, ubicacion, Cliente) values (500, 1, 2.5, '3G', 4)
INSERT INTO Cochera     (costoCochera, estado, porcentajeExpensas, ubicacion, Cliente) values (500, 1, 2.5, '3H', 4)
INSERT INTO Cochera     (costoCochera, estado, porcentajeExpensas, ubicacion, Cliente) values (500, 1, 2.5, '4A', 4)
INSERT INTO Cochera     (costoCochera, estado, porcentajeExpensas, ubicacion, Cliente) values (500, 1, 2.5, '4B', 4)
INSERT INTO Cochera     (costoCochera, estado, porcentajeExpensas, ubicacion, Cliente) values (500, 1, 2.5, '4C', 4)
INSERT INTO Cochera     (costoCochera, estado, porcentajeExpensas, ubicacion, Cliente) values (500, 1, 2.5, '4D', 4)
INSERT INTO Cochera     (costoCochera, estado, porcentajeExpensas, ubicacion, Cliente) values (500, 1, 2.5, '4E', 4)
INSERT INTO Cochera     (costoCochera, estado, porcentajeExpensas, ubicacion, Cliente) values (500, 1, 2.5, '4F', 4)
INSERT INTO Cochera     (costoCochera, estado, porcentajeExpensas, ubicacion, Cliente) values (500, 1, 2.5, '4G', 4)
INSERT INTO Cochera     (costoCochera, estado, porcentajeExpensas, ubicacion, Cliente) values (500, 1, 2.5, '4H', 4)
 